id,name,image_file,image_url,status,error
0h41P6JLhSF8yLKkkrdV,Derssa,,,error,HTTPError('429 Client Error: Too Many Requests for url: https://pixabay.com/get/gf16a9440fe1c9394f67bd096e182813b5b498e8c8fadb407af482ef35b2f443f1dc30410d66abf1c2c8e13db821d84129f32ac29c20bdb4519786d533ea4da1d_1280.jpg')
0u8ciBprwyNMMe0R3oCX,Fura da Nono,migrations\images\0u8ciBprwyNMMe0R3oCX_fura_da_nono.jpg,https://pixabay.com/get/geecc0ab9984bd49cf38c7bc75722673e305113421d28a2044907b5df53953b146bdbe5c9bdf20c47ae4ecc57c89896155eb5310293d629b72033e122cab298db_1280.jpg,downloaded,
2v9cZJx9I6pjixOCFYqV,Gurasa,migrations\images\2v9cZJx9I6pjixOCFYqV_gurasa.jpg,https://pixabay.com/get/g9248ff6c190d18d83e4ca91d0812df970256567fe0481d3f6c4ce2f927cc39bf7cc899a54e4d9d3dcb9ebd4d5183ddb379f8c90965eec9bd625a8917fdcc0555_1280.jpg,downloaded,
3NpoiRyKZfD93DtHbCjt,Ofada Rice Ayamase Stew,,,error,HTTPError('429 Client Error: Too Many Requests for url: https://pixabay.com/get/gf9874f2694ccc5549228bbd4692fad6b97371d6100ed848f579e32e8bf6aef4e7c25915c23554a3aeaddc5b2b777b95335666e04fed30973144bbf91c52f53cf_1280.jpg')
420SnHSI2Mls4MxtnLnl,Ikokore water yam porridge,migrations\images\420SnHSI2Mls4MxtnLnl_ikokore_water_yam_porridge.jpg,https://pixabay.com/get/g395b86a5f9d7950768d2de292597208df5454b0dd6d4ca5e8905316d58f478c9b9c59cf71677ca61cd5d3123fc0ca3fab3dab6de903fb682b415f93ec0eb1687_1280.jpg,downloaded,
42BFmqIVc5smqVVRp7Uq,Edo black soup Nigerian,,,error,HTTPError('429 Client Error: Too Many Requests for url: https://pixabay.com/get/gacafe4ef243169d1291392efdecee0bed45fab681a72c0b528faf95308301a6cf933bb7c43be35b26a58e3dd3039739a7c4d32a44791154068488809ac05a5ba_1280.jpg')
4emeVh0N4WczHUPuO4Rl,Chikanda Zambian,migrations\images\4emeVh0N4WczHUPuO4Rl_chikanda_zambian.jpg,https://pixabay.com/get/g61335ced3e81d3bc30528480876b14b2370a21106310d38e0cbe3ed1ac27e654fc9c8ab0c0f36ba01f35854896f300bdc70bd972368ef53f5e9d2195acd62d9e_1280.jpg,downloaded,
68KNkyMI6EEoFRYn5gQq,Koose bean cake Ghana,,,error,HTTPError('429 Client Error: Too Many Requests for url: https://pixabay.com/get/gd8273c245fd5dc033aceb83704dff4fba531d0590a9b9717caa5915c684f0defde59eec2de4333748db3d54c1641ff36c188968748c375e8f0562cd7b816b9fd_1280.jpg')
6hGGLeen1EFlMTaDL93H,Achu soup Cameroon,,,error,HTTPError('429 Client Error: Too Many Requests for url: https://pixabay.com/get/gd11cf7fe4e0f10d580fdc1e00893b573f9bcc9751ce7a9ba029d5719ec98b023df370dbc2014b118871e60671aa86c0e73e1854db59c9111adfe43e8e7977503_1280.jpg')
71Z1N1W5SeTrdShjpOrs,Libyan soup,migrations\images\71Z1N1W5SeTrdShjpOrs_libyan_soup.jpg,https://pixabay.com/get/gd35233f6cc4b557ed9c3571778e07e285defa053e1f08017ec99c47f65c02ffa597a71701b0a23def9c174d3f669af574aee9c053aa438199e382a0249181695_1280.jpg,downloaded,
7lAlb1AkphDpBu0Gb0VD,Ofe Nsala white soup Nigeria,migrations\images\7lAlb1AkphDpBu0Gb0VD_ofe_nsala_white_soup_nigeria.jpg,https://pixabay.com/get/gdfb91ea344de19166d7cbbd9ac5efb8b9f099cae751c56a6f770b40b86eabcac20dc0177cbbe079f15654cf7472782b35bba1d6d3cf6cb821f1479b7ef45f219_1280.jpg,downloaded,
7w9c4UijTbUavNz8UAoR,Ampesi boiled plantain Ghana,,,error,HTTPError('429 Client Error: Too Many Requests for url: https://pixabay.com/get/g4bad67bdb2eff226532a848e250f950c8c14419fdd7a7f38057b3c9950d0eabc8e678d1157bcdfdad4d4f440b2210dcefb60ac5da471dd87df9d10d676a9a3ad_1280.jpg')
AE5IGgZfxOeYZaQAh2hC,Ewedu soup Nigeria,,,error,HTTPError('429 Client Error: Too Many Requests for url: https://pixabay.com/get/g1ffe11956ca2ba5c7cfc6ce2a0fc69744a473d9e02cb01c3024b63e2ec831805b50cc8ca9aac6da508fec3ef44fccfec56e48f9aa9aece679accd1fbbfc26401_1280.jpg')
AyYV7AWGyTwMsIEikDC3,pumpkin leaves stew Africa,,,error,HTTPError('429 Client Error: Too Many Requests for url: https://pixabay.com/get/gd2eda1da31996d1d433ba176693502128ebf0bf25dece71aabdfd6bc9e9db0b810b000a6c4161d8cf84fd8d69063e83f7c688ad7bbd3ecc463ab76a94d439570_1280.jpg')
BkbtBKC0ij5dx5bnjXxu,Rechta Algerian pasta,migrations\images\BkbtBKC0ij5dx5bnjXxu_rechta_algerian_pasta.jpg,https://pixabay.com/get/g8d2934b27dab25c01b56194e52a40ea46e1446d894f86ff263939f78b5a875f570f5874004c1662ff1531fed93f1124b517d3d99e52d2d00db93185772a266af_1280.jpg,downloaded,
C2zz9NX3TWuDzNLPYDCO,roasted corn Kenya,,,error,HTTPError('429 Client Error: Too Many Requests for url: https://pixabay.com/get/g3a0324700b1cf58e12e34af454bc0a781f47ea8c9306da8ae36dbdaecf2a41cf5acc7f815fca7dc8aa51aba94c4cbeafdea1de6738a743e77def6c97a3e947c1_1280.jpg')
CdmXRovPoPb3aDyK1XbC,Caldou Senegalese fish rice,,,error,HTTPError('429 Client Error: Too Many Requests for url: https://pixabay.com/get/gaa648daec048392008b927daed5b8a232503f45051d10e1cc7e464f75d7b79ceaf225139d004ff5e6c2149d1ebe7eb1cb50a2a1416edd00e65489bace2f28162_1280.jpg')
DZOUNYOkWykpbQuCWc9R,Chipsi Mayai chips omelette Tanzania,migrations\images\DZOUNYOkWykpbQuCWc9R_chipsi_mayai_chips_omelette_tanzania.jpg,https://pixabay.com/get/g84cb79fe67a73a37bc43ce693eece630f3018457dce38bf2c3c8f344aec300d2d6d152f1535357d86c8fc080f4338366a074c0062e3b8d61946affa53da0ae04_1280.jpg,downloaded,
Dw5Q68WYttz3B56QixeO,Miyan Kuka baobab soup Nigeria,migrations\images\Dw5Q68WYttz3B56QixeO_miyan_kuka_baobab_soup_nigeria.jpg,https://pixabay.com/get/ge3e154a9a320d2b58ac4660f0a2450d478d2fd81f831801c17094c5a1e08f1eee4b8b27046560ae7d41d03ce96d8afc7de4cc6da172ef4147c2af4854e0db05e_1280.jpg,downloaded,
EFsaSrypa2YJKZlySXr7,Brik tunisian pastry egg,migrations\images\EFsaSrypa2YJKZlySXr7_brik_tunisian_pastry_egg.jpg,https://pixabay.com/get/g29f7b9178604d5700e2bf5271835ba81a06f9314a493ed21901af244607fbc4b375289f841ed59542d2b748494dca55286ba280373ed8b0c0386a540be1ab506_1280.jpg,downloaded,
ElUOkWxrvMz93b9ED0bX,Agege bread beans Nigeria,,,error,HTTPError('429 Client Error: Too Many Requests for url: https://pixabay.com/get/g6b56b8d2ae8109fae6b979a21c875b01894a0d8bd2c2c13654224d040985d064ea1ff0573e010acc85ccb098df2734ed35ba41589a3513d21016fecf6fcac141_1280.jpg')
FArK8jmap6pdWEWAEFlT,Kilishi Nigerian dried meat,migrations\images\FArK8jmap6pdWEWAEFlT_kilishi_nigerian_dried_meat.jpg,https://pixabay.com/get/g8461dafeea107ab8acae4f58855efaf2c883a81aaf585ebf97527b2fb11f4cc81e126ec1ba5b9e6cc36bfb425334e01670ed71315f0687696cef299267dd4128_1280.jpg,downloaded,
FqqDkSkbzUP5oYX8o7xk,Nyembwe chicken Gabon palm nut,migrations\images\FqqDkSkbzUP5oYX8o7xk_nyembwe_chicken_gabon_palm_nut.jpg,https://pixabay.com/get/g7c2b66b83d77b7203d44d6fbc7ac3aa1964eaa89aa3f76b985bb7cb618349c94aa846ba63cc5f72eaa6e972370ca8a96dea977d7ff58f1fc31e0f8543251bc68_1280.jpg,downloaded,
G2VN9HFMatpI0b20EcrQ,Sishwala Eswatini porridge,migrations\images\G2VN9HFMatpI0b20EcrQ_sishwala_eswatini_porridge.jpg,https://pixabay.com/get/g858f790e972d30ac5bf7a2a7ad197d6b508956320ea23fdecece1ceed46462264d7d8d37f21ca2f8f8b60226a97bb1a5e425d12f44f1fef5f202874d04e8183a_1280.jpg,downloaded,
Ga0Yq7u8V764lVApPaNw,Fufu Pondu Congo cassava,migrations\images\Ga0Yq7u8V764lVApPaNw_fufu_pondu_congo_cassava.jpg,https://pixabay.com/get/gd709ae50167451ff6be460ceb120734ef586d306913e4378ccb5e1908cf8cced8cacb40f3b6da590b527b444c52c90efc2586209aa0c10cc5c967ca428f14fe0_1280.jpg,downloaded,
HJzEoVMFTnhKf95KAdHG,Kilishi Nigerian beef jerky,,,error,HTTPError('429 Client Error: Too Many Requests for url: https://pixabay.com/get/g1177df4224cb559fd1ed93254e5c60726a036f4ec37f4768e137f966926a9e0ad3d77e6f7cfb5857fd6ed0dfd5496a23497e52ee6f76eb2ea93d7bbc2b09cf56_1280.jpg')
Hn5OTVTlawIkngFECgHd,Isi Ewu goat head soup Nigeria,migrations\images\Hn5OTVTlawIkngFECgHd_isi_ewu_goat_head_soup_nigeria.jpg,https://pixabay.com/get/g175dd8c4943a590534acd7a29e247c9fa9f3cef0afa61f56ebb17ecb138a834734aa44559b42c7d9078252f8682fe8888f1512e5a4a918d8462cd2896727f306_1280.jpg,downloaded,
JtWpu7yN3nvR8WK64uUu,Kikomando Uganda chapati beans,migrations\images\JtWpu7yN3nvR8WK64uUu_kikomando_uganda_chapati_beans.jpg,https://pixabay.com/get/g3cb9c3de46d9dc894ac718e76ffd61f43190d27aac296cc08c67e5a5d698d18f717e9d4d38d6000777ffa3ff8bad162e52211191b7cf13ace8a40bc1a4c71d3f_1280.jpg,downloaded,
JvaoPX5yaylKNZI3auwo,Attieke fried fish Ivory Coast,migrations\images\JvaoPX5yaylKNZI3auwo_attieke_fried_fish_ivory_coast.jpg,https://pixabay.com/get/gbb3820f5b49c961970df95d1edf28643ce1b55d3449ddae59d9d940517023eec1733d20528f2ee6ce83e56948296bec4d29aac8f82350f4979654938d8e7b296_1280.jpg,downloaded,
JxeEnt5kfbFVLbqjSvVc,Gizdodo gizzard plantain Nigeria,,,error,HTTPError('429 Client Error: Too Many Requests for url: https://pixabay.com/get/gc15d220694f14b6d63ba2ff416cef686ab1f7330cbfede855cbfea3bcaa577921beb7717949d269d790c7ab8ace7f929b90b5b125ad0c8d43fc4b34aaa06e84d_1280.jpg')
Mys8UO8wi0ofSxTOwYCf,Vitumbuwa Zambian fritters,,,error,HTTPError('429 Client Error: Too Many Requests for url: https://pixabay.com/get/gd9fede92ae4fff27c716fd574e5e17e402ddb21e22f8ca85785eac36bd7b0988908d883cfaf9d43056575d98cb8173c1b21d28a7a830c08b75e573559385856c_1280.jpg')
NpJeOSY0heM35tc5Sg30,Ugali nyama Kenya,migrations\images\NpJeOSY0heM35tc5Sg30_ugali_nyama_kenya.jpg,https://pixabay.com/get/gc977d07fd7a55cacb57560f18f4449c185ba1b07f9c8b94b1391245ac1b8b2764d927efdf3a6a2cd556e0cf2db012083826cbc501ea94d2cb7ecdab281ab6bf0_1280.jpg,downloaded,
OslneX8sSy30WLkMV7JL,Wali maharage rice beans Tanzania,migrations\images\OslneX8sSy30WLkMV7JL_wali_maharage_rice_beans_tanzania.jpg,https://pixabay.com/get/g8b4d9dc7d637176804191a74a130fb30ec3c7bbeb60bbf3ac34cffc1794c5754ae6707ccfa8bf723d1c14e939c1fe89ee2806f5ff10131fd2eeacb61c4c9f651_1280.jpg,downloaded,
PeCGnE7rLEzehucCMFol,Ndizi nyama plantain meat Tanzania,migrations\images\PeCGnE7rLEzehucCMFol_ndizi_nyama_plantain_meat_tanzania.jpg,https://pixabay.com/get/g9816b07765f14ac67b43b46910c2124df40bb2cdf3715475f0379c8721f1f74b5746a08456d93e2acda1976daa22b39c200adb86d750297211919396aa854e3d_1280.jpg,downloaded,
Q10KoZOXN43xLCxtYLut,pate noire okra sauce Africa,migrations\images\Q10KoZOXN43xLCxtYLut_pate_noire_okra_sauce_africa.jpg,https://pixabay.com/get/ga7bc4dac0de24fcd4178cfb1492c7bff628d7ca3542a47e30f73a9b55129829307cfbfe56fa5efa91f358b23835d3ea289e820f0d7b932ea6b5a9bd8e0a596d0_1280.jpg,downloaded,
QWlLdpAOKUF8bIv7ZSYB,Lahoh Somali pancake,,,error,HTTPError('429 Client Error: Too Many Requests for url: https://pixabay.com/get/g355d807a5400bbeeba8e9a09198fda9a14231d08b2d8e03aae9d09248c7cbc3409e6a64b3a33c15a5f6281df24857df189d90ab1be8fabdb5d517285ce2a64c3_1280.jpg')
QgzZHrO2krWUF2Fk2NOR,Kat Kat banana coconut Seychelles,migrations\images\QgzZHrO2krWUF2Fk2NOR_kat_kat_banana_coconut_seychelles.jpg,https://pixabay.com/get/g0f53216351f47e82c8c2f175193e55ed24b43042dbc0ad2b4515f4d1e1c75c9671e137da7c262ec9a761c9cf7713dda04a43b185716cf3f61f59d61d3a33c506_1280.jpg,downloaded,
QhLBN0mqa2HOhobotOkq,Nkwobi Nigerian cow foot,migrations\images\QhLBN0mqa2HOhobotOkq_nkwobi_nigerian_cow_foot.jpg,https://pixabay.com/get/g418075068028058f0dbdd715d0187c1876ac3556ab0fce5122cb05abb00c1f3ea6fa50fbdbfcee6bbd40619b56e1284c0dd5273150c3d2cb1c5cc7bd0038335d_1280.jpg,downloaded,
RZ1SASBdyx8C1tuzSpWd,Eru soup Cameroon,migrations\images\RZ1SASBdyx8C1tuzSpWd_eru_soup_cameroon.jpg,https://pixabay.com/get/gd95eadf4c8c31577ec7042bbcd62385b62b4b3011fae75e42d8a95a23442158aae8fb4277172cb3779dcf8fbbc8bd10be6223b80478975cd73eb70e60c522c8a_1280.jpg,downloaded,
TnGXe6yZojOQoSOB9p7O,Ekpang Nkukwo Nigeria cocoyam,,,error,HTTPError('429 Client Error: Too Many Requests for url: https://pixabay.com/get/g847ac8bb6cac5871d41a194f18ce9403ea07fb9e864652c72fedef5f65090b7e049c8c623ed835721038f325c7111bc879aa61e04037d90207b161357e3fc92f_1280.jpg')
ToYru7fvF2UaDfeSHhRe,Bogobe sorghum porridge Botswana,migrations\images\ToYru7fvF2UaDfeSHhRe_bogobe_sorghum_porridge_botswana.jpg,https://pixabay.com/get/g6f60ead94ed8d196cc473089b547e6c993173e08469543c9fc2e0e6a8d8ac020e9c98e2f38fec20031a1deac0d0989e1aa236af25846263d0340ed9105a70151_1280.jpg,downloaded,
URqrswWPLRZnkNwkgKui,Koklo Meme grilled chicken Togo,migrations\images\URqrswWPLRZnkNwkgKui_koklo_meme_grilled_chicken_togo.jpg,https://pixabay.com/get/ge7c00b8380d0f422bcc4b79653efc7fffac0dd866dbcacdcab466fdfcbcf6d471e753222a9448d82417277d5d7472f8e90eeb1b6baf616a10c9331a61696f32f_1280.jpg,downloaded,
Ugm7irxuiNSajeio7YZ7,bitter leaf soup Nigeria,migrations\images\Ugm7irxuiNSajeio7YZ7_bitter_leaf_soup_nigeria.jpg,https://pixabay.com/get/g72394a28937bd6fb479b05f7e3318c2e4e35bf1981a2c54747e3d677e9a4ba913fe00865207d827fde047962a1982e49b7e9d6a4bd6f35ae479b3ffd4ae32cfa_1280.jpg,downloaded,
Vk7MV5lFibALrno8lRUb,Babenda Burkina Faso greens,,,error,HTTPError('429 Client Error: Too Many Requests for url: https://pixabay.com/get/g476789e5fd4e28221877fed53631bf076c76c389c4b121c9449077626704884d345d9db6060362befc100c16c547657270bd217dd71f8a768355c23e01ee8535_1280.jpg')
W4FI3VAjI5A80Hzw7Djc,Calulu fish stew Sao Tome,migrations\images\W4FI3VAjI5A80Hzw7Djc_calulu_fish_stew_sao_tome.jpg,https://pixabay.com/get/ga159cb9fa0d3fb66aa07d03884346aaa0fd756bd62341994023f383297c4e53bc2ff5e7a8013e99a5e1f7132178394ec70c570a666581cd06b0350e4cb256c44_1280.jpg,downloaded,
WzUMnGZDdn8ImL9zxaVN,cassava leaf stew Sierra Leone,migrations\images\WzUMnGZDdn8ImL9zxaVN_cassava_leaf_stew_sierra_leone.jpg,https://pixabay.com/get/ge77668b1035a3670e3c20ee07f9c1eb6a4939268235923f727616764cb64076d6b1a359b648c9dc887814fbdf51fdc20b6ea8a01a51e46bdca1655448084188f_1280.jpg,downloaded,
YLL6Sof4G7xOY3Wvjyyy,Dambou millet Niger,migrations\images\YLL6Sof4G7xOY3Wvjyyy_dambou_millet_niger.jpg,https://pixabay.com/get/g1ff9a2b42c7f42b642603b469effc9cab5f6c81825893b8a97614f0f0ac316ce5d7e19e4aa68db3c5b004f4287325d742392377ddea8352d193d49510c279e85_1280.jpg,downloaded,
YPZMoKBN4hqVjOiE1iyY,Indomie jollof noodles Nigeria,migrations\images\YPZMoKBN4hqVjOiE1iyY_indomie_jollof_noodles_nigeria.jpg,https://pixabay.com/get/gc964cb60e81e9af569f3291be5de1bc1054e7ab90932513ad1c306dbdb5b5fe9aeeae66f41b2bcfb25bcd155d3672c5f90229134a31e63cf1088c84b03d2a99e_1280.jpg,downloaded,
ZqAL80w2lwJuituWdepO,Bariis Iskukaris Somali spiced rice,migrations\images\ZqAL80w2lwJuituWdepO_bariis_iskukaris_somali_spiced_rice.jpg,https://pixabay.com/get/g6399af1c7823f03f17bd0715600458ec260e43fc2da4e12b00fce63df6c2f0f2f4274bf2cc7d9fa7f481151cffc4880421496a9969a461c8c00a1b471b0a8496_1280.jpg,downloaded,
a6kqCkBtsbre1igV3bBN,Succotash seafood Equatorial Guinea,migrations\images\a6kqCkBtsbre1igV3bBN_succotash_seafood_equatorial_guinea.jpg,https://pixabay.com/get/g2a7ea484ae8e8a470ac95a0fcb3cf97d123a24fc2f8223bd3c903e69fe71fd12966a2dad06b239ba8deab8a3dc3693bcc7f2a486a70447a9a58a0af473d8a117_1280.jpg,downloaded,
aFgcXO5TYYdfmmozXUjz,Ofe Oha Nigerian soup,migrations\images\aFgcXO5TYYdfmmozXUjz_ofe_oha_nigerian_soup.jpg,https://pixabay.com/get/gfdd896808b50288ad69b824023f22c66699d840caf3defa1f3c00c9d5fcb278ca46a6520ba3430c46f567943de587e09fc3f7fcf3e14c7d95220288df293a18d_1280.jpg,downloaded,
aTcBbURUIGez7byusa1F,Tigadeguena Mali peanut stew,migrations\images\aTcBbURUIGez7byusa1F_tigadeguena_mali_peanut_stew.jpg,https://pixabay.com/get/g6140ac8d8411c060be8cecac58863e0bdcf3b1227c9e1b6f074fd1a0949aa513736eb49a63fde6c5c82439cee31193084de27216640de4738e07b4604a23555b_1280.jpg,downloaded,
bcJreidGkqwTNSGWkJi1,Moi Moi custard pap Nigeria,migrations\images\bcJreidGkqwTNSGWkJi1_moi_moi_custard_pap_nigeria.jpg,https://pixabay.com/get/g85e0d7c496edc49a7410cefcd2b717fad8494e15ec3feded1558d80737d549b5e283f501c2cc402d5e5643922536ff45ac24f7d24016fdc1a793db52483a735b_1280.jpg,downloaded,
cWbvSJaqYPsxMjGmL2gj,Nshima kapenta fish Zambia,migrations\images\cWbvSJaqYPsxMjGmL2gj_nshima_kapenta_fish_zambia.jpg,https://pixabay.com/get/gc072e3b32af6e4a0d3f9136da045a187be00df968d7c472e8088b4ca4e5fb72dede66f31fd6a5480f3c244aedebf8de2ba8b0d55c611285b7808580802b99a2c_1280.jpg,downloaded,
drsfsb17zNmrK1pfDWXw,Muamba de Galinha Angola chicken,migrations\images\drsfsb17zNmrK1pfDWXw_muamba_de_galinha_angola_chicken.jpg,https://pixabay.com/get/gaa6543e212607bcf7772ecbc34d079e61460df8bd7cac787b223b1633be8dca6efa5cba3759a5034ea91165cf01eb9c266bc5514e272aaaa800d4159fd89d72b_1280.jpg,downloaded,
es189eBL7HiyrtK6Hn9M,rice greens Madagascar,migrations\images\es189eBL7HiyrtK6Hn9M_rice_greens_madagascar.jpg,https://pixabay.com/get/g35c18aecafb7553f4eda3886917ead75c695f63121aa3d5a1f176ba309eb4237bc0bd7a4728d51b3d887d0180aada6127144373413f38b2bacfbe50212a39579_1280.jpg,downloaded,
fTSE3EkUru4v1ossDGLT,Achu yellow soup Cameroon,migrations\images\fTSE3EkUru4v1ossDGLT_achu_yellow_soup_cameroon.jpg,https://pixabay.com/get/g5a13ecc64ebbe84b33e3a22981b62ff9bf6bf9c05254ecc5eab5d59a825d3a58a03e5a4a1e62931bf12a35bfc5199f19bd9b718213b3d136a9e27d9993c5ce74_1280.jpg,downloaded,
fUrCaO3sas6h4FGZbOaX,Cambuulo adzuki beans Somalia,migrations\images\fUrCaO3sas6h4FGZbOaX_cambuulo_adzuki_beans_somalia.jpg,https://pixabay.com/get/g4b0f35f50f65107fa4fd5ddfe087500416fada3f8a772a86226017d4aeae97b278b89bca2afb08f9473c5f4623b19a8c78dbf151fe1dd791667e87b65c67bce7_1280.jpg,downloaded,
fYt87eSZ8J1yCnECsSib,Nsima chambo fish Malawi,migrations\images\fYt87eSZ8J1yCnECsSib_nsima_chambo_fish_malawi.jpg,https://pixabay.com/get/gf2d903f2664892e1aad9d633353103808c9507e2a69cfff436ccf8af77d804ab71f4ce3436ae9875776d7f81eef9f32a649b4b20185ab1ab2a91f110ce6921d8_1280.jpg,downloaded,
fglM1eMEnzGZtBqFSBt6,Tajine Zitoun olive chicken Algeria,migrations\images\fglM1eMEnzGZtBqFSBt6_tajine_zitoun_olive_chicken_algeria.jpg,https://pixabay.com/get/g66d20217fd4ec096a339b400b97200387b05a014c6e8bb9956110fd2df22815a814d43edb7b4788bc57e27addae31889030f4832594625569082263375f4ee3f_1280.jpg,downloaded,
